"","Var1","Var2","Freq"
"1","1","Actively",1767
"2","2","Actively",751
"3","3","Actively",2220
"4","4","Actively",1307
"5","1","More_Actively_than_Passively",2872
"6","2","More_Actively_than_Passively",1805
"7","3","More_Actively_than_Passively",3620
"8","4","More_Actively_than_Passively",1541
"9","1","More_Passively_than_Actively",2111
"10","2","More_Passively_than_Actively",4326
"11","3","More_Passively_than_Actively",3167
"12","4","More_Passively_than_Actively",945
"13","1","Passively",651
"14","2","Passively",2350
"15","3","Passively",1106
"16","4","Passively",455
