"Indicator","Comparison","Estimate","p_value"
"Preoccupation","2-1",-0.325,0
"Preoccupation","3-1",0.878,0
"Preoccupation","4-1",1.687,0
"Preoccupation","3-2",1.203,0
"Preoccupation","4-2",2.012,0
"Preoccupation","4-3",0.809,0
"Tolerance","2-1",-0.18,0
"Tolerance","3-1",0.948,0
"Tolerance","4-1",1.871,0
"Tolerance","3-2",1.128,0
"Tolerance","4-2",2.051,0
"Tolerance","4-3",0.923,0
"Withdrawal","2-1",-0.394,0
"Withdrawal","3-1",0.814,0
"Withdrawal","4-1",1.641,0
"Withdrawal","3-2",1.208,0
"Withdrawal","4-2",2.035,0
"Withdrawal","4-3",0.827,0
"Persistence","2-1",-0.097,0
"Persistence","3-1",0.966,0
"Persistence","4-1",1.561,0
"Persistence","3-2",1.063,0
"Persistence","4-2",1.658,0
"Persistence","4-3",0.595,0
"Displacement","2-1",-0.159,0
"Displacement","3-1",0.974,0
"Displacement","4-1",1.712,0
"Displacement","3-2",1.133,0
"Displacement","4-2",1.871,0
"Displacement","4-3",0.738,0
"Problem","2-1",-0.099,0
"Problem","3-1",0.802,0
"Problem","4-1",1.943,0
"Problem","3-2",0.901,0
"Problem","4-2",2.042,0
"Problem","4-3",1.142,0
"Deception","2-1",-0.061,0
"Deception","3-1",0.737,0
"Deception","4-1",2.165,0
"Deception","3-2",0.798,0
"Deception","4-2",2.226,0
"Deception","4-3",1.428,0
"Escape","2-1",-0.431,0
"Escape","3-1",0.718,0
"Escape","4-1",1.23,0
"Escape","3-2",1.15,0
"Escape","4-2",1.661,0
"Escape","4-3",0.512,0
"Conflict","2-1",-0.008,0.8842
"Conflict","3-1",0.733,0
"Conflict","4-1",2.135,0
"Conflict","3-2",0.741,0
"Conflict","4-2",2.143,0
"Conflict","4-3",1.402,0
