"Class","Region","Indicator","Score"
"Profile 1","Africa","Preoccupation",-0.247748950355072
"Profile 1","Africa","Tolerance",-0.503517831512077
"Profile 1","Africa","Withdrawal",-0.0538345971256039
"Profile 1","Africa","Persistence",-0.345182616545894
"Profile 1","Africa","Displacement",-0.490239413938406
"Profile 1","Africa","Problem",-0.548509562033816
"Profile 1","Africa","Deception",-0.483458699449275
"Profile 1","Africa","Escape",0.0884184183381641
"Profile 1","Africa","Conflict",-0.538666679096618
"Profile 1","Africa","Positive_Emotion",0.663125079332126
"Profile 1","Africa","Engagement",0.271015042594203
"Profile 1","Africa","Relationships",0.449925126466184
"Profile 1","Africa","Meaning",0.641481690648551
"Profile 1","Africa","Accomplishments",0.663170718047101
"Profile 1","Arab","Preoccupation",-0.39853682262614
"Profile 1","Arab","Tolerance",-0.504231369736575
"Profile 1","Arab","Withdrawal",-0.337623468406282
"Profile 1","Arab","Persistence",-0.590614779288754
"Profile 1","Arab","Displacement",-0.57184403366464
"Profile 1","Arab","Problem",-0.141678695519757
"Profile 1","Arab","Deception",-0.495035273097264
"Profile 1","Arab","Escape",-0.416819006324215
"Profile 1","Arab","Conflict",-0.448041675717325
"Profile 1","Arab","Positive_Emotion",0.666731444150962
"Profile 1","Arab","Engagement",0.557872933841945
"Profile 1","Arab","Relationships",0.753723495516717
"Profile 1","Arab","Meaning",0.693729540704154
"Profile 1","Arab","Accomplishments",0.792273868848024
"Profile 1","Asia","Preoccupation",-0.193724703846469
"Profile 1","Asia","Tolerance",-0.458658781305695
"Profile 1","Asia","Withdrawal",-0.29581828997312
"Profile 1","Asia","Persistence",-0.511477823557631
"Profile 1","Asia","Displacement",-0.491534554971754
"Profile 1","Asia","Problem",-0.505773974213212
"Profile 1","Asia","Deception",-0.476468670064237
"Profile 1","Asia","Escape",-0.226021139499772
"Profile 1","Asia","Conflict",-0.524744273420046
"Profile 1","Asia","Positive_Emotion",0.685765072354442
"Profile 1","Asia","Engagement",0.34335749890205
"Profile 1","Asia","Relationships",0.661825369656492
"Profile 1","Asia","Meaning",0.516785303886105
"Profile 1","Asia","Accomplishments",0.734284922153987
"Profile 1","South America","Preoccupation",-0.544702083240672
"Profile 1","South America","Tolerance",-0.521355318916667
"Profile 1","South America","Withdrawal",-0.497660215165423
"Profile 1","South America","Persistence",-0.472734372439677
"Profile 1","South America","Displacement",-0.431946349810945
"Profile 1","South America","Problem",-0.466855796758707
"Profile 1","South America","Deception",-0.531333241907338
"Profile 1","South America","Escape",-0.343506652405473
"Profile 1","South America","Conflict",-0.509738678293532
"Profile 1","South America","Positive_Emotion",0.381018724577736
"Profile 1","South America","Engagement",0.730503165552239
"Profile 1","South America","Relationships",0.428300249142413
"Profile 1","South America","Meaning",0.751566033559701
"Profile 1","South America","Accomplishments",0.432524782664179
"Profile 1","Western","Preoccupation",-0.682654091047111
"Profile 1","Western","Tolerance",-0.577876314395962
"Profile 1","Western","Withdrawal",-0.523654718297813
"Profile 1","Western","Persistence",-0.538262128740325
"Profile 1","Western","Displacement",-0.554679962255749
"Profile 1","Western","Problem",-0.685302009185642
"Profile 1","Western","Deception",-0.584445046909703
"Profile 1","Western","Escape",-0.362463587897925
"Profile 1","Western","Conflict",-0.590255377786315
"Profile 1","Western","Positive_Emotion",0.340816048480651
"Profile 1","Western","Engagement",0.349525855186764
"Profile 1","Western","Relationships",0.537517433089176
"Profile 1","Western","Meaning",0.48446647763152
"Profile 1","Western","Accomplishments",0.229126819825575
"Profile 2","Africa","Preoccupation",-0.606183499074957
"Profile 2","Africa","Tolerance",-0.623780019030664
"Profile 2","Africa","Withdrawal",-0.595774315456559
"Profile 2","Africa","Persistence",-0.44843664471891
"Profile 2","Africa","Displacement",-0.607045857911414
"Profile 2","Africa","Problem",-0.556537608361159
"Profile 2","Africa","Deception",-0.511329018189097
"Profile 2","Africa","Escape",-0.359136220201022
"Profile 2","Africa","Conflict",-0.522119268219762
"Profile 2","Africa","Positive_Emotion",-0.606570659638842
"Profile 2","Africa","Engagement",-0.809196573931857
"Profile 2","Africa","Relationships",-0.899850300204429
"Profile 2","Africa","Meaning",-0.358103457073254
"Profile 2","Africa","Accomplishments",-0.662725252579216
"Profile 2","Arab","Preoccupation",-0.570322797060547
"Profile 2","Arab","Tolerance",-0.601149421878906
"Profile 2","Arab","Withdrawal",-0.640511258056641
"Profile 2","Arab","Persistence",-0.455883100228516
"Profile 2","Arab","Displacement",-0.446839606410156
"Profile 2","Arab","Problem",-0.281176319214844
"Profile 2","Arab","Deception",-0.530696229845703
"Profile 2","Arab","Escape",-0.500626732171875
"Profile 2","Arab","Conflict",-0.42549839134375
"Profile 2","Arab","Positive_Emotion",-0.831202062994141
"Profile 2","Arab","Engagement",-0.983453543960938
"Profile 2","Arab","Relationships",-0.774805243146484
"Profile 2","Arab","Meaning",-0.422894092232422
"Profile 2","Arab","Accomplishments",-0.752144366291015
"Profile 2","Asia","Preoccupation",-0.576427633554994
"Profile 2","Asia","Tolerance",-0.616306320612727
"Profile 2","Asia","Withdrawal",-0.700218855828909
"Profile 2","Asia","Persistence",-0.638767527656132
"Profile 2","Asia","Displacement",-0.664437856279393
"Profile 2","Asia","Problem",-0.598775706052254
"Profile 2","Asia","Deception",-0.556706234977665
"Profile 2","Asia","Escape",-0.667766889898862
"Profile 2","Asia","Conflict",-0.551200573385167
"Profile 2","Asia","Positive_Emotion",-0.805297760255794
"Profile 2","Asia","Engagement",-0.987264376402023
"Profile 2","Asia","Relationships",-0.92307049285925
"Profile 2","Asia","Meaning",-0.894045281230088
"Profile 2","Asia","Accomplishments",-0.775544882226296
"Profile 2","South America","Preoccupation",-0.774736296636562
"Profile 2","South America","Tolerance",-0.717541266294246
"Profile 2","South America","Withdrawal",-0.800771932651857
"Profile 2","South America","Persistence",-0.503352130316824
"Profile 2","South America","Displacement",-0.573054189206846
"Profile 2","South America","Problem",-0.408116079683904
"Profile 2","South America","Deception",-0.550559593066278
"Profile 2","South America","Escape",-0.766466035753824
"Profile 2","South America","Conflict",-0.4263571470437
"Profile 2","South America","Positive_Emotion",-0.900424807246176
"Profile 2","South America","Engagement",-0.246248700584122
"Profile 2","South America","Relationships",-0.899689966444283
"Profile 2","South America","Meaning",-0.212898217108521
"Profile 2","South America","Accomplishments",-0.803356602633649
"Profile 2","Western","Preoccupation",-0.868428878573057
"Profile 2","Western","Tolerance",-0.744876730195806
"Profile 2","Western","Withdrawal",-0.830392719765216
"Profile 2","Western","Persistence",-0.643095454955322
"Profile 2","Western","Displacement",-0.724828846742421
"Profile 2","Western","Problem",-0.694257125087759
"Profile 2","Western","Deception",-0.614139293146113
"Profile 2","Western","Escape",-0.77784803543059
"Profile 2","Western","Conflict",-0.578272709854799
"Profile 2","Western","Positive_Emotion",-0.82719886976476
"Profile 2","Western","Engagement",-0.804129057697287
"Profile 2","Western","Relationships",-0.701338739192158
"Profile 2","Western","Meaning",-0.403755111818327
"Profile 2","Western","Accomplishments",-1.0166233195049
"Profile 3","Africa","Preoccupation",0.504706672777778
"Profile 3","Africa","Tolerance",0.411006273170488
"Profile 3","Africa","Withdrawal",0.678580521279835
"Profile 3","Africa","Persistence",0.560648717296884
"Profile 3","Africa","Displacement",0.42029272935391
"Profile 3","Africa","Problem",0.132412681300412
"Profile 3","Africa","Deception",0.211800910653733
"Profile 3","Africa","Escape",0.630951088621987
"Profile 3","Africa","Conflict",0.0499408103497942
"Profile 3","Africa","Positive_Emotion",0.28456238579953
"Profile 3","Africa","Engagement",0.146449329597884
"Profile 3","Africa","Relationships",-0.00083231083656683
"Profile 3","Africa","Meaning",-0.0183329624303351
"Profile 3","Africa","Accomplishments",0.229485370550264
"Profile 3","Arab","Preoccupation",0.518535219577699
"Profile 3","Arab","Tolerance",0.518374746403128
"Profile 3","Arab","Withdrawal",0.487205253563068
"Profile 3","Arab","Persistence",0.394452810730071
"Profile 3","Arab","Displacement",0.52322206625227
"Profile 3","Arab","Problem",0.611989133289606
"Profile 3","Arab","Deception",0.157768138768416
"Profile 3","Arab","Escape",0.370716670581231
"Profile 3","Arab","Conflict",0.386402317758829
"Profile 3","Arab","Positive_Emotion",0.0406284950161452
"Profile 3","Arab","Engagement",0.0364883240625629
"Profile 3","Arab","Relationships",0.0893508158940465
"Profile 3","Arab","Meaning",-0.0881567099384459
"Profile 3","Arab","Accomplishments",0.179000403938446
"Profile 3","Asia","Preoccupation",0.564059212409554
"Profile 3","Asia","Tolerance",0.446626681278971
"Profile 3","Asia","Withdrawal",0.410658989389486
"Profile 3","Asia","Persistence",0.446482940416902
"Profile 3","Asia","Displacement",0.43430726924251
"Profile 3","Asia","Problem",0.288565323497456
"Profile 3","Asia","Deception",0.270861585225269
"Profile 3","Asia","Escape",0.409849200611645
"Profile 3","Asia","Conflict",0.15768983224251
"Profile 3","Asia","Positive_Emotion",0.141667919254098
"Profile 3","Asia","Engagement",-0.00397880008818542
"Profile 3","Asia","Relationships",0.104556697358112
"Profile 3","Asia","Meaning",-0.174451148784058
"Profile 3","Asia","Accomplishments",0.171397133569248
"Profile 3","South America","Preoccupation",0.252722704625465
"Profile 3","South America","Tolerance",0.364237528735666
"Profile 3","South America","Withdrawal",0.301899978751303
"Profile 3","South America","Persistence",0.48162704847729
"Profile 3","South America","Displacement",0.544633923255398
"Profile 3","South America","Problem",0.277474638180193
"Profile 3","South America","Deception",0.180121540025317
"Profile 3","South America","Escape",0.402146174
"Profile 3","South America","Conflict",0.253436522518987
"Profile 3","South America","Positive_Emotion",-0.000562889875651586
"Profile 3","South America","Engagement",0.441399743349218
"Profile 3","South America","Relationships",-0.123613593143708
"Profile 3","South America","Meaning",-0.0149427129173492
"Profile 3","South America","Accomplishments",0.0656120987714074
"Profile 3","Western","Preoccupation",0.258113153280181
"Profile 3","Western","Tolerance",0.393219393315687
"Profile 3","Western","Withdrawal",0.312479386171078
"Profile 3","Western","Persistence",0.473903200313105
"Profile 3","Western","Displacement",0.467978558519045
"Profile 3","Western","Problem",0.16376369982053
"Profile 3","Western","Deception",0.223440370442221
"Profile 3","Western","Escape",0.444582515350549
"Profile 3","Western","Conflict",0.205079861932214
"Profile 3","Western","Positive_Emotion",-0.191719934422853
"Profile 3","Western","Engagement",0.0261304810677858
"Profile 3","Western","Relationships",-0.0789493765874753
"Profile 3","Western","Meaning",-0.352221219177534
"Profile 3","Western","Accomplishments",-0.235911378048418
"Profile 4","Africa","Preoccupation",1.2933322586662
"Profile 4","Africa","Tolerance",1.37778310354432
"Profile 4","Africa","Withdrawal",1.47038826751247
"Profile 4","Africa","Persistence",1.16817413468975
"Profile 4","Africa","Displacement",1.24213156894737
"Profile 4","Africa","Problem",1.32844764247091
"Profile 4","Africa","Deception",1.58000355781994
"Profile 4","Africa","Escape",1.15859032034903
"Profile 4","Africa","Conflict",1.44535979609141
"Profile 4","Africa","Positive_Emotion",0.905193402551247
"Profile 4","Africa","Engagement",0.792432426027701
"Profile 4","Africa","Relationships",0.650730641390582
"Profile 4","Africa","Meaning",0.364694995806094
"Profile 4","Africa","Accomplishments",0.778450542976454
"Profile 4","Arab","Preoccupation",1.27378169721846
"Profile 4","Arab","Tolerance",1.36199091270475
"Profile 4","Arab","Withdrawal",1.2657854535585
"Profile 4","Arab","Persistence",1.00566018263254
"Profile 4","Arab","Displacement",1.17768855389854
"Profile 4","Arab","Problem",1.57990053899634
"Profile 4","Arab","Deception",1.6377690394872
"Profile 4","Arab","Escape",0.965802527195613
"Profile 4","Arab","Conflict",1.68682021778245
"Profile 4","Arab","Positive_Emotion",0.59558052333638
"Profile 4","Arab","Engagement",0.61459777111883
"Profile 4","Arab","Relationships",0.633249923070384
"Profile 4","Arab","Meaning",0.27244583540585
"Profile 4","Arab","Accomplishments",0.692691559864717
"Profile 4","Asia","Preoccupation",1.29155715070691
"Profile 4","Asia","Tolerance",1.36080391474362
"Profile 4","Asia","Withdrawal",1.21916862291786
"Profile 4","Asia","Persistence",1.06108248092968
"Profile 4","Asia","Displacement",1.19060638448787
"Profile 4","Asia","Problem",1.44834154650405
"Profile 4","Asia","Deception",1.67058971848911
"Profile 4","Asia","Escape",0.86685990697822
"Profile 4","Asia","Conflict",1.64410748261294
"Profile 4","Asia","Positive_Emotion",0.63120524611201
"Profile 4","Asia","Engagement",0.627392503423771
"Profile 4","Asia","Relationships",0.644349257983821
"Profile 4","Asia","Meaning",0.309447664416926
"Profile 4","Asia","Accomplishments",0.714639956688239
"Profile 4","South America","Preoccupation",1.18546266568618
"Profile 4","South America","Tolerance",1.24340405983607
"Profile 4","South America","Withdrawal",1.19231404109836
"Profile 4","South America","Persistence",0.976678312697892
"Profile 4","South America","Displacement",1.2355426607541
"Profile 4","South America","Problem",1.39655056675878
"Profile 4","South America","Deception",1.65894681996955
"Profile 4","South America","Escape",0.918365946468384
"Profile 4","South America","Conflict",1.54291393814286
"Profile 4","South America","Positive_Emotion",0.558763233428571
"Profile 4","South America","Engagement",0.819359746702576
"Profile 4","South America","Relationships",0.400413571899298
"Profile 4","South America","Meaning",0.298976223330211
"Profile 4","South America","Accomplishments",0.620565906772834
"Profile 4","Western","Preoccupation",1.17774103400251
"Profile 4","Western","Tolerance",1.43339096490704
"Profile 4","Western","Withdrawal",1.18576023690704
"Profile 4","Western","Persistence",1.08963463556281
"Profile 4","Western","Displacement",1.2664135160201
"Profile 4","Western","Problem",1.34185667706533
"Profile 4","Western","Deception",1.69087754830151
"Profile 4","Western","Escape",0.957003672311558
"Profile 4","Western","Conflict",1.59311370857789
"Profile 4","Western","Positive_Emotion",0.408410865648241
"Profile 4","Western","Engagement",0.601884352482412
"Profile 4","Western","Relationships",0.417511537113066
"Profile 4","Western","Meaning",0.111815407115578
"Profile 4","Western","Accomplishments",0.474058285492462
